hash,malicious

a85bd4401b3104de3b4474778886042f39b128ebb79c1140b7ff9bffab4ab0c5,False
69e53b38bf24dee23636ee591de3ae7bcae569acb6d6e8702f921f3cfe7e87d9,False
9d0da6b3822b8f03a7493292915576bacce2861e61e1c8ef545b82dd7a51e7df,False
11ba3e87ec5e20a2d41063696b27ece12d644bd32892f33464d5d62ca9be492f,True
3c5bec190401b6e5cc230b315d1be7786e42f294387a2a61fb74db413eedabe8,False
2c974c04bb9407cbb74340619b2bd4bb12a7f5a099375a42ade1b77c2c6179f6,False
1678d0b345a0fec2ab34f8e564086dda66fb5eff555816e1b5fe4de1e731cf9f,False
ec8f13ee57b7b5376bedf1f52d8677f4cd831d1a6076c55dc936afaecf7d287f,False
a6fef0735de08c40ad0dba694b43da73a8ab4a6093a4e7870b50c89550117872,False
534a3e87ec5e20a2d410636ef43f5fbe434e5dbf0b6b41b646cfc5842ff2222f,False
196552c7d0ceb3922662320659fb30c36aa8b0bf3da8b189e88b96b81320a123,False
2e837b66f177f4e41eb2f1c7ff6e4deb729a8473ac5c6e62629248d96f24622,False
1f3eda019f75071aab5a51e5c79eaa840391a3348173c53a3dabfd38b3aa62ca,False
3099301a9b7f13261fc71334f330570f4ac5f7ce64f6ebc17fe3cd776920cb56,False
6345770d00c7d73191daacdef43f5fbe434e5dbf0b6b41b646cf745745784570,False
3425770d00c7d73191daacdef43f5fbe434e5dbf0b6b41b67459679769977868,False
797ea8d5eb44d2daa60b2ffb830d3e40259e4af19b881900cfb8079584249106,False
9911569ffa13ad666edcd12d17383b7f65f06f2a0a760e93232b2aef2ca92a17,False
3b70ad0313a69a323d8e25311d8187d6242e42efd78e3b279d949b50f4d10b2f,False
3524770d00c7d73191daacdef43f5fbe434e5dbf0b6b4262623523cccccccccc,False
6ea1e1c51815d246d9e36fb34a035eacab6cfb9d019cab88eadcf03cc5e98cc2,False
4665570d00c7d73191daacdef43f5fbe434e5dbf0b6b41b64652352354234646,False
4d1c3f28c13d71e8efd0788a05a363f56a0a3cc29eba8d54fbeeaeeb4fc5e0cf,False
812e035ab8616d57433e118b73c17e3e48b86555516e77d08894640d8b157209,False
542e47d9ff9767a5db0bb1479a55c275f5ca5b5d189498429ca8c96b6b0f4ffd,False
d63374052b92553a3c1aee0f0d2507ba5e81a172d2b0cf01bb378e6d4aa137c7,False
a0ae2b603431fc740435129817c64354299bbc1def5e0baa8644a484aef29195,False
5910dd2fc0422caf1b1e34262cdf333a40d1a48522855d30b8595ba6a14d216b,False
733c9bc19762fa75e16f790940f7d934f8376e4693f41418b17ab77779fbf25f,False
72e7ba8c224498f9fd0b24f4e9651b07134c33aacfac37c4bcc33d8b77f685fb,False
1df4d2577bd15b6c170f100cc9a3e8606ea6a9fa0f1f6aea858942b932603ab7,False
2e837b66f177f4e41eb2f1c7ff6e4deb729a8473ac5c6e62629248d96f24622,False
